<?xml version="1.0" encoding="UTF-8"?><rss version="2.0"
	xmlns:content="http://purl.org/rss/1.0/modules/content/"
	xmlns:wfw="http://wellformedweb.org/CommentAPI/"
	xmlns:dc="http://purl.org/dc/elements/1.1/"
	xmlns:atom="http://www.w3.org/2005/Atom"
	xmlns:sy="http://purl.org/rss/1.0/modules/syndication/"
	xmlns:slash="http://purl.org/rss/1.0/modules/slash/"
	
	xmlns:georss="http://www.georss.org/georss"
	xmlns:geo="http://www.w3.org/2003/01/geo/wgs84_pos#"
	>

<channel>
	<title>Prodotti &#8211; woo2</title>
	<atom:link href="./index.html" rel="self" type="application/rss+xml" />
	<link>./../../index.html</link>
	<description></description>
	<lastBuildDate>Tue, 21 Mar 2023 11:16:09 +0000</lastBuildDate>
	<language>it-IT</language>
	<sy:updatePeriod>
	hourly	</sy:updatePeriod>
	<sy:updateFrequency>
	1	</sy:updateFrequency>
	<generator>https://wordpress.org/?v=6.1.1</generator>
	<item>
		<title>Maglietta con la carota</title>
		<link>./../../prodotto/ricetta-di-uno-stellato/index.html</link>
					<comments>./../../prodotto/ricetta-di-uno-stellato/index.html#respond</comments>
		
		<dc:creator><![CDATA[Volodymyr]]></dc:creator>
		<pubDate>Tue, 21 Mar 2023 10:30:59 +0000</pubDate>
				<guid isPermaLink="false">./../../index.html?post_type=product#038;p=40</guid>

					<description><![CDATA[Maglietta SUPER carota eroe cartone animato fumetti cibo maglietta uomo tee S-XL]]></description>
										<content:encoded><![CDATA[<p>Maglietta SUPER carota eroe cartone animato fumetti cibo maglietta uomo tee S-XL</p>
]]></content:encoded>
					
					<wfw:commentRss>./../../prodotto/ricetta-di-uno-stellato/feed/index.html</wfw:commentRss>
			<slash:comments>0</slash:comments>
		
		
			</item>
	</channel>
</rss>
